3,Rectreem,Grass,Ground,Overgrow,90/120/95/70/70/80 (525),-,butz,Sugi'd,Rectreem Sprites,Rectreem Menu,Grass/Monster,^,https://i.imgur.com/7vUFOWG.png,,"87.5% M, 12.5% F",2.0,100.0,70,Gray,3 Attack,45,5355,Medium Slow,208,!,https://i.imgur.com/FyHiNhO.png,"""rectum"" and ""tree"" and ""requiem""",,,
6,Lizakbar,Fire,Dark,Blaze,85/90/65/120/65/100 (525),-,Aloha snackbar,Sugi'd,Lizakbar Sprites,Lizakbar Menu,Dragon/Monster,^,,,"87.5% M, 12.5% F",1.7,90.5,70,Gray,3 Sp. Atk,45,5355,Medium Slow,208,!,https://i.imgur.com/ZzqrlPO.png,"""lizard"" and ""akbar""",,,
9,Condoom,Water,Poison,Torrent,120/60/85/85/100/75 (525),-,Still the worst 1973,Sugi'd,Condoom Sprites,Condoom Menu,Water 1/Monster,^,,,"87.5% M, 12.5% F",1.6,85.5,70,Blue,3 HP,45,5355,Medium Slow,208,!,-,"""condom"" and ""doom""",,,
21,Chanolour,Grass,Steel,Natural Cure/Sap Sipper,90/120/85/40/85/110 (530),-,Title Sprite,Sugi'd,Chanolour Sprites,Chanolour Menu,Fairy/Grass,^,,Heal Powder(5%),"25% M, 75% F",1.2,22.5,70,Green,2 Attack,75,5355,Medium Fast,164,!,-,"Corruption of ""channer""",,,
23,Hazmate,Poison,Fighting,Overcoat,95/120/90/55/70/70 (500),Atk > Sp. Atk,,Sugi'd,Hazmate Sprites,Hazmate Menu,Monster/Amorphous,https://i.imgur.com/gxeYoTm.png,https://i.imgur.com/k70yFew.png,DDT Spray (5%),"50% M, 50% F",0.7,33.4,70,Yellow,2 Attack,75,5355,Medium Fast,180,!,https://i.imgur.com/xBKi85U.png,"Corruption of ""hazmat""",,,
24,Ebolable,Poison,Dark,Liquid Ooze,70/55/70/120/90/95 (500),Atk < Sp. Atk,PRAISE EBOLA-CHAN!!!,Sugi'd,Ebolable Sprites,Ebolable Menu,Monster/Amorphous,https://i.imgur.com/GIV2qKa.png,,Black Sludge (5%),"50% M, 50% F",1.0,14.5,70,Pink,2 Sp. Atk,75,5355,Medium Fast,180,!,-,"""ebola"" and ""adorable""",,,
29,Shurismash,Rock,Steel,Rock Head/Sturdy,85/100/110/48/95/77 (515),-,THAT WILL PIERCE THE HEAVENS!!!,Sugi'd,Shurismash Sprites,Shurismash Menu,Mineral,^,,,"50% M, 50% F",1.4,64.5,70,Black,3 Defense,45,4080,Medium Slow,172,!,https://i.imgur.com/Fe7pCg6.png,"""shuriken"" and ""smash""",,,
31,Memenace,Normal,,Hustle/Normalize,106/83/87/72/85/69 (502),-,Mashed up meme clusterfuck,Sugi'd,Memenace Sprites,Memenace Menu,Amorphous/Field,^,,Persim Berry (5%),"50% M, 50% F",1.1,32.6,70,Brown,2 HP,45,5355,Slow,149,!,https://i.imgur.com/7HsXc0M.png,"""meme"" and ""menace""",,,
36,Tripecs,Fighting,,Inner Focus/Iron Fist,80/130/70/43/70/90 (483),-,/fit/ 'mon,Sugi'd,Tripecs Sprites,Tripecs Menu,Amorphous,^,,,"87.5% M, 12.5% F",1.7,95.0,70,Red,3 Attack,45,5355,Medium Slow,183,!,https://i.imgur.com/uz09B3j.png,"""tri"" and ""pecs""",,,
40,Finasoven,Fire,Rock,Flame Body/Solid Rock,75/75/130/125/105/35 (545),-,"WE HEIL, HEIL, RIGHT IN THE FUHRER'S FACE",Sugi'd,Finasoven Sprites,Finasoven Menu,Mineral,^,,"Rawst Berry(50%), Charcoal(5%)","50% M, 50% F",1.7,130.0,70,Red,"1 Defense, 1 Sp. Atk",75,5355,Slow,200,!,https://i.imgur.com/5D00AOl.png,"Corruption of ""Final Solution"" and ""oven""",,,
43,Monstrap,Water,Dark,Intimidate,115/105/85/69/83/70 (527),-,,Sugi'd,Monstrap Sprites,Monstrap Menu,Monster/Water 2,https://i.imgur.com/YPno8Eo.jpg,,,"50% M, 50% F",2.3,93.7,70,Blue,3 Attack,45,5355,Medium Slow,192,!,-,"""monster"" and ""trap""",,,
45,Fairileon,Bug,Fairy,Natural Cure/Shield Dust,110/65/65/95/130/60 (525),-,ES HADA,Sugi'd,Fairileon Sprites,Fairileon Menu,Fairy/Bug,^,,BrightPowder(5%),"25% M, 75% F",0.9,22.6,70,Green,2 Sp. Def,45,5355,Medium Fast,175,!,https://i.imgur.com/hC3IZnU.png,"""fairy"" and ""eon""",,,
47,Knokedge,Ground,,Arena Trap/Sand Veil,110/112/95/20/50/98 (485),-,,Sugi'd,Knokedge Sprites,Knokedge Menu,Monster,^,^,,"50% M, 50% F",1.4,56.0,70,Brown,2 Attack,60,5355,Fast,146,!,-,"Corruption of ""knock"" and ""edge""",,,
49,Elephas,Psychic,Normal,Telepathy/Shed Skin,115/35/100/95/115/40 (500),-,Indian Elephant ,Sugi'd,Elephas Sprites,Elephas Menu,Field,https://i.imgur.com/nS7P5TE.png,,,"50% M, 50% F",1.1,120.0,70,Pink,2 Sp. Def,100,10455,Slow,135,!,https://i.imgur.com/imiKMhV.png,"""elephant"" and ""fast""",,,
54,Pasdawg,Normal,Steel,Ball Fetch/Intimidate,112/90/105/55/85/60 (507),-,Papa's doge,Sugi'd,Pasdawg Sprites,Pasdawg Menu,Field,https://i.imgur.com/e05mcmt.jpg,,,"50% M, 50% F",1.4,63.6,150,Gray,2 HP,190,5355,Medium Fast,158,!,https://i.imgur.com/occdepr.png,"Corruption of ""my pop's dog""",,,
56,Anaconduke,Grass,Fighting,Shed Skin/Oblivious,100/112/90/20/50/111 (483),-,Don't want none unless you got buns hun,Sugi'd,Anaconduke Sprites,Anaconduke Menu,Field/Dragon,https://i.imgur.com/p6TPjEK.png,,,"50% M, 50% F",3.1,62.3,70,Green,2 Attack,75,5355,Medium Fast,189,!,-,"""anaconda"" and ""duke""",100,,
58,Sjwhale,Water,Psychic,Rivalry/Synchronise,115/65/95/50/100/90 (515),-,"Feminazi, SJW 'mon",Sugi'd,Sjwhale Sprites,Sjwhale Menu,Water 2,https://i.imgur.com/m9BZHNx.png,,,"12.5% M, 87.5% F",2.0,352.0,45,Blue,"1 HP, 1 Sp. Def",60,5355,Slow,172,!,https://i.imgur.com/2DOIwT0.png,"""SJW"" and ""whale""",100,,
60,Mozzamazel,Fairy,Fire,Gooey/Sticky Hold,105/69/105/95/105/40 (519),-,Two cheese pizza waifus who form one cheese pizza waifu,Sugi'd,Mozzamazel Sprites,Mozzamazel Menu,Amorphous/Human-Like,https://i.imgur.com/swQPLnr.png,,,"12.5% M, 87.5% F",1.9,80.0,0,Brown,2 HP,45,5355,Slow,169,,-,"""mozzarella"" and corruption of ""mademoiselle""",,,left off here
62,Krokizon,Ground,Grass,Rock Head/Thick Fat,110/130/100/65/65/50 (520),-,Generic genwun monster design,Sugi'd,Krokizon Sprites,Krokizon Menu,Monster/Dragon,https://i.imgur.com/f1dRMCK.jpg,,,"50% M, 50% F",2.6,283.9,70,Green,2 Attack,45,5355,Slow,205,,https://i.imgur.com/U7AR0oj.png,"Corruption of ""croc"" and the suffix ""-izon""",120,,
64,Haremit,Normal,Rock,Shell Armor/Serene Grace,105/85/110/60/90/75 (525),-,,Sugi'd,Haremit Sprites,Haremit Menu,Water 3/Field,^,,,"25% M, 75% F",0.4,45.5,70,Brown,2 Defense,75,5355,Medium Fast,154,,https://i.imgur.com/L6uONpE.png,"""hare"" and ""hermit""",90,,
66,Tankube,Ice,,Swift Swim/Ice Body,80/50/94/110/106/58 (498),Sun Stone,,Sugi'd,Tankube Sprites,Tankube Menu,Amorphous/Fairy,^,,NevermeltIce(5%),Genderless,1.4,100.0,70,Blue,2 Sp. Atk,120,5355,Medium Slow,126,,-,"""tank"" and ""cube""",,,
67,Fabkube,Ice,Fairy,Levitate/Ice Body,85/40/79/125/96/105 (530),-,Hah! GAYYYYYYY!,Sugi'd,Fabkube Sprites,Fabkube Menu,Amorphous/Fairy,^,,NevermeltIce(5%),Genderless,2.5,80.0,70,Blue,3 Sp. Atk,45,5355,Medium Slow,191,,-,"""fab"" and ""cube""",,,
69,Smoxilon,Poison,Flying,Poison Point/White Smoke,78/85/71/78/73/116 (501),-,OU guys really did it this time!,Sugi'd,Smoxilon Sprites,Smoxilon Menu,Flying,https://i.imgur.com/r7WM8v2.png,,Choice Band(5%),"50% M, 50% F",1.6,40.5,45,Purple,2 Speed,65,4080,Medium Slow,210,,https://i.imgur.com/oMQKQ7Y.png,"""Smogon"" and ""toxic"" and ""talon""",,,
70,Machmona,Fighting,Ghost,Pressure/Vital Spirit,80/120/80/60/80/100 (520),-,Oh yeah!,Sugi'd,Machmona Sprites,Machmona Menu,Amorphous/Human-Like,https://i.imgur.com/Cz3YkDN.png,,,"50% M, 50% F",0.9,4.4,45,Purple,2 Attack,75,5355,Medium Slow,133,,-,"Corruption of ""Macho Man""",,,
74,Mooshock,Electric,,Static/Volt Absorb,120/110/80/100/90/30 (530),-,"no joke, just thundermoose",Sugi'd,Mooshock Sprites,Mooshock Menu,Field,,,Cheri Berry(5%),"50% M, 50% F",1.9,92.5,70,Yellow,"1 HP, 1 Attack",60,5355,Medium Slow,167,,https://i.imgur.com/e49eNfe.png,"""moose"" and ""shock""",90,,
77,Dowster,Ghost,Psychic,Shadow Tag/Cursed Body,80/125/50/135/90/70 (550),-,,Sugi'd,Dowster Sprites,Dowster Menu,Amorphous,^,,Spell Tag(5%),"50% M, 50% F",1.7,76.6,45,Black,"1 Attack, 1 Sp. Atk",45,5355,Slow,165,,-,"""shadow"" and ""master""",95,,
80,Mennopaws,Fairy,Ground,Intimidate/Moody,100/124/76/62/92/70 (524),-,Mennopaws can't breed. That's the punchline.,Sugi'd,Mennopaws Sprites,Mennopaws Menu,Undiscovered,^,,,100% F,1.4,118.0,35,Green,3 Attack,45,4080,Fast,185,,https://i.imgur.com/KQutf8J.png,"""menopause"" and ""paws""",,,
83,Pengas,Ice,Fire,Berserk/Intimidate,111/50/76/95/76/92 (500),-,"snoo PINGAS usual, I see",Sugi'd,Pengas Sprites,Pengas Menu,Water 1/Flying,https://i.imgur.com/uSBB5SL.png,,Choice Scarf(5%),"87.5% M, 12.5% F",0.9,16.0,70,Red,"1 HP, 1 Speed",90,5355,Medium Slow,129,,https://i.imgur.com/VQ1oyRb.png,"""penguin"" and ""PINGAS""",,,
85,Praestish,Water,,Intimidate/Cursed Body,69/98/111/88/121/40 (527),-,,Sugi'd,Praestish Sprites,Praestish Menu,Water 2,https://i.imgur.com/u3e4LtE.png,,,"50% M, 50% F",1.3,39.0,70,Red,2 Sp. Def,75,5355,Medium Fast,135,!,-,"Corruption of ""prey"" and corruption of ""fish""",60,,
87,Florious,Poison,Dark,Vital Spirit,75/80/70/115/105/99 (544),-,The hero we deserve but not the one we need right now?,Sugi'd,Florious Sprites,Florious Menu,Grass/Amorphous,https://i.imgur.com/hHyrtdh.png,,,"87.5% M, 12.5% F",1.9,69.8,70,Black,2 Sp. Atk,45,7905,Fluctuating,178,,https://i.imgur.com/0doImeM.png,"""flora"" and ""glorious""",,,
90,Somboludo,Ground,Steel,Sniper/Sand Stream,110/115/75/65/70/100 (535),-,Mexico,Sugi'd,Somboludo Sprites,Somboludo Menu,Human-Like,^,,Taco (50%),"50% M, 50% F",1.4,105.5,70,Brown,"2 Attack, 1 Speed",45,6630,Medium Slow,176,,https://i.imgur.com/umMyZVc.png,"""sombrero"" and ""boludo""",,,
92,Marionettl,Grass,Water,Rough Skin/Puppeteer,80/110/60/100/60/110 (520),-,https://www.youtube.com/watch?v=fbGkxcY7YFU,Sugi'd,Marionettl Sprites,Marionettl Menu,Grass/Water 1,^,,,"50% M, 50% F",1.3,64.0,70,Green,2 Attack,60,5355,Medium Slow,151,,-,"""marionette"" and ""nettle""",,,
96,Hyletrack,Steel,Fire,Speed Boost/Steam Engine,80/90/90/70/70/125 (525),-,https://www.youtube.com/watch?v=ULDwu2HLUrA,Sugi'd,Hyletrack Sprites,Hyletrack Menu,Mineral,https://i.imgur.com/TiXYGIU.png,,,Genderless,4.1,735.0,70,Gray,2 Speed,55,5355,Slow,173,,https://i.imgur.com/GicZy65.png,"Corruption of ""hype"" and ""track""",,,
98,Armowite,Dark,,Oblivious,87/103/92/60/87/96 (525),-,M'lady,Sugi'd,Armowite Sprites,Armowite Menu,Amorphous,https://i.imgur.com/3e90EGU.png,,,"50% M, 50% F ",1.2,39.5,70,Black,"1 Attack, 1 Speed",45,5355,Medium Fast,146,!,https://i.imgur.com/BGV8fu4.png,"""armor"" and corruption of ""white""",,,
101,Mabster,Water,Fighting,Iron Fist/Swift Swim,75/115/85/85/85/95 (540),-,Attack fixed,Sugi'd,Mabster Sprites,Mabster Menu,Water 3 ,^,,,"50% M, 50% F",1.1,30.5,70,Red,3 Sp. Def,45,5355,Medium Slow,176,,https://i.imgur.com/F9fw4BW.png,"""master"" and ""lobster""",,,
103,Tricillion,Rock,Steel,Guts/Rock Head,110/130/130/20/110/21 (521),-,Fossil Trio,Sugi'd,Tricillion Sprites,Tricillion Menu,Monster/Mineral,https://i.imgur.com/PJhKmPO.jpg,,,"50% M, 50% F",1.6,508.0,70,Brown,"1 Defense, 1 Sp. Def",45,7905,Medium Fast,182,,https://i.imgur.com/ftJ9CdO.png,"""triceratops"" and ""million""",,,
105,Toxiraptor,Rock,Poison,Poison Point,65/113/65/103/50/125 (521),-,^ (Fossil Trio also),Sugi'd,Toxiraptor Sprites,Toxiraptor Menu,Dragon/Mineral,Info,^,,"50% M, 50% F",1.5,77.9,35,Purple,2 Speed,45,7905,Medium Fast,182,,https://i.imgur.com/BBAXERs.png,"""toxic"" and ""raptor""",,Info,Info
107,Huntabre,Rock,Normal,Super Luck/Strong Jaw,80/118/70/62/66/125 (521),-,Fossil Trio,Sugi'd,Huntabre Sprites,Huntabre Menu,Field/Mineral,https://i.imgur.com/oJG2q0f.png,,,"50% M, 50% F",1.1,125.8,70,Brown,"1 Attack, 1 Speed",45,7905,Medium Fast,182,,https://i.imgur.com/CB3jQD3.png,"""hunt"" and ""sabre""",,,
108,Pyralink,Dragon,Fire,Magma Armor/Intimidate,100/111/93/106/68/52 (530),-,"Don't draw while high. On second thought, do draw while high.",Sugi'd,Pyralink Sprites,Pyralink Menu,Dragon,https://i.imgur.com/qb4A0u7.png,,Dragon Fang(5%),"50% M, 50% F",2.2,111.1,35,Red,"1 Attack, 1 Sp. Atk",60,6630,Slow,174,,https://i.imgur.com/NcLA8x9.png,"""pyro"" and ""link""",,,
111,Tripsius,Psychic,Electric,Skill Link/Analytic,88/89/99/88/80/111 (555),-,"If trips, this gets in.",https://i.imgur.com/5xJtB1h.png,Tripsius Sprites,Tripsius Menu,Amorphous,,,Nugget(5%),Genderless,1.5,111.0,70,Red,3 Speed,111,9180,Erratic,222,,https://i.imgur.com/m3tqqPp.png,"Corruption of ""trips""",,,
113,Miasmortor,Poison,Steel,Speed Boost/Prankster,80/110/70/90/70/110 (530),-,,Sugi'd,Miasmortor Sprites,Miasmortor Menu,Amorphous,https://i.imgur.com/exWLM9e.png,,,"50% M, 50% F",1.1,34.6,35,Purple,"1 Attack, 1 Speed",45,5355,Medium Slow,147,,https://i.imgur.com/3t2pNQE.png,"Corruption of ""miasma""",,,
114,Cacademon,Ground,Poison,Stench,150/101/79/101/79/30 (540),-,>Shit was done :^),Sugi'd,Cacademon Sprites,Cacademon Menu,Amorphous,https://i.imgur.com/DvZAeoA.png,https://i.imgur.com/EtcBTtL.png,Leftovers(50%),"50% M, 50% F",1.2,30.0,35,Brown,"1 Defense, 1 Sp. Def",45,10455,Slow,154,,-,"""caca"" and ""demon""",,,
117,Unjoy,Ghost,,Aftermath/Cute Charm,255/10/10/75/135/55 (540),-,The Head Nurse Pokemon,Sugi'd,Unjoy Sprites,Unjoy Menu,Fairy/Amorphous,https://i.imgur.com/g8ksqaC.jpg,,Lucky Egg(5%),100% F,1.5,46.8,35,Pink,3 HP,3,10455,Fluctuating,200,,https://i.imgur.com/v8T6htU.png,"""un"" and ""joy""",,,
122,Mantrake,Bug,Dragon,Compound Eyes/Tinted Lens,110/140/85/50/80/75 (540),-,Damn this thing could wreck,Sugi'd,Mantrake Sprites,Mantrake Menu,Bug/Dragon,^,,,"50% M, 50% F",1.5,112.6,35,Green,3 Attack,3,10455,Slow,199,,https://i.imgur.com/71xRnQA.png,"""mantis"" and ""drake""",,,https://clyp.it/uxlrpw1p
123,Ogrelord,Dark,,Victory Star/Mold Breaker,100/130/80/65/81/70 (526),-,"Shrek is love, Shrek is life",Sugi'd,Ogrelord Sprites,Ogrelord Menu,Human-Like,https://i.imgur.com/qpKf6w6.jpg,https://i.imgur.com/zj2KxOp.png ,Leftovers(5%),"87.5% M, 12.5% F",2.1,432.3,70,Green,2 Attack,75,5355,Medium Slow,176,,https://i.imgur.com/leMpw7d.png,"""ogre"" and ""overlord""",,,
124,Chantruth,Dark,,Keen Eye/Jewelry,100/61/94/106/95/70 (526),-,Oy vey,Sugi'd,Chantruth Sprites,Chantruth Menu,Human-Like,https://i.imgur.com/bU1NVXl.png,,Shell Bell(5%),"50% M, 50% F",1.3,208.2,70,Black,2 HP,75,5355,Medium Slow,235,,https://i.imgur.com/vM4IMad.png,"""merchant"" and ""truth""",,,
126,Geigh,Fairy,Flying,Oblivious/Serene Grace,69/80/70/110/75/115 (519),-,Geigh can only breed with Blobbos,Sugi'd,Geigh Sprites,Geigh Menu,Field/Fairy,https://i.imgur.com/De0Qvp1.png,,,100% M,1.7,95.0,70,Purple,2 Speed,60,5355,Medium Fast,172,,https://i.imgur.com/gp5PNcK.png,"""gay"" and ""neigh""",,,
128,Spilefree,Electric,Ghost,Clear Body/Prankster,70/45/45/125/125/125 (535),-,https://www.youtube.com/watch?v=xP8MB1YBMrU,Sugi'd,Spilefree Sprites,Spilefree Menu,Amorphous/Mineral,^,https://i.imgur.com/EuIIDK6.png,,Genderless,1.5,1.2,35,Yellow,"1 Sp. Atk, 1 Sp. Def",60,6630,Fast,168,,https://i.imgur.com/zWmayeo.png,"""spill"" and ""free""",,,
131,Marleyzard,Grass,Fire,Blaze/White Smoke,130/60/110/100/110/30 (540),-,Stoners,Sugi'd,Marleyzard Sprites,Marleyzard Menu,Grass/Dragon,^,,Weed (100%),"50% M, 50% F",1.7,90.5,70,Green,3 HP,30,5355,Erratic,204,,https://i.imgur.com/qJVYZoE.png,"""Marley"" and ""lizard""",,,
134,Smellox,Poison,,Stench/No Guard,92/103/89/63/71/71 (489),-,What is the joke behind this and Chasumo i don't get it,https://i.imgur.com/gje3ygn.png,Smellox Sprites,Smellox Menu,Amorphous/Field,,,"Tiny Mushroom (50%), Big Mushroom (5%)","87.5% M, 12.5% F",1.2,59.2,35,Red,2 HP,90,7905,Medium Slow,125,,https://i.imgur.com/CAOIVHX.png,"""smell"" and ""ox""",,,
135,Chasumo,Fighting,,Defiant/Anger Point,110/110/95/45/62/67 (489),-,"So everything is a joke to you, huh? I see how it is.",Sugi'd,Chasumo Sprites,Chasumo Menu,Human-Like,https://i.imgur.com/A7JIrYc.png,,,"87.5% M, 12.5% F",1.5,70.5,35,White,"1 HP, 1 Attack",90,7905,Medium Slow,125,,https://i.imgur.com/QjCCtav.png,"""champion"" and ""sumo""",,,
137,Isissin,Poison,Dark,Liquid Ooze/Flare Boost,105/105/75/105/95/50 (535),-,,https://i.imgur.com/vBJevzf.png,Isissin Sprites,Isissin Menu,Amorphous/Monster,^,,Smoke Ball(5%),"75% M, 25% F",1.7,63.9,35,Black,"1 HP, 1 Attack",45,6630,Medium Slow,179,,-,"""ISIS"" and ""sin"" or ""assassin""",,,
140,Upchucken,Normal,Flying,Drought,87/105/81/102/81/103 (559),-,Cuck cuck,Sugi'd,Upchucken Sprites,Upchucken Menu,Flying,https://i.imgur.com/EucdYPn.png,,Sharp Beak(5%),"50% M, 50% F",1.5,86.7,70,Brown,"2 Attack, 1 Speed",25,10455,Slow,201,,https://i.imgur.com/RYzlalY.png,"""upchuck"" and ""chicken""",,,
143,Cannonance,Dragon,Steel,Sniper/Mega Launcher,95/95/115/145/105/45 (600),-,Pseudo (.shoot @Camerupt),^,Cannonance Sprites,Cannonance Menu,Dragon,,,,"75% M, 25% F",1.4,101.1,35,Gray,3 Sp. Atk,3,10455,Slow,218,,https://i.imgur.com/IvTqaXT.png,"""cannon"" and corruption of ""menace""",,,
144,Evacycle,Steel,Psychic,Flame Body,150/90/90/90/90/90 (600),-,Legendary (Steel Trio),https://i.imgur.com/Cr43kfp.png,Evacycle Sprites,Evacycle Menu,Undiscovered,,,,Genderless,4.3,431.4,35,Purple,3 HP,3,20655,Slow,255,,https://i.imgur.com/q1bZTH8.png,"""Neon Genesis Evangelion"" and ""bicycle""",,,
145,Foryu,Steel,Fighting,Magnet Pull,80/150/125/65/100/80 (600),-,Legendary (Steel Trio),https://i.imgur.com/QKRDSDO.jpg,Foryu Sprites,Foryu Menu,Undiscovered,,,Big Pearl (100%),100% M,4.9,489.0,35,Gray,3 Attack,3,20655,Slow,255,,https://i.imgur.com/dGLIJl6.png,"Corruption of ""for you""",,,
146,Scytill,Steel,Ghost,Levitate,100/135/80/85/50/150 (600),-,Legendary (Steel Trio),Sugi'd,Scytill Sprites,Scytill Menu,Undiscovered,https://i.imgur.com/bI711LE.png,,,Genderless,4.0,392.0,35,Purple,3 Speed,3,20655,Slow,255,,-,"""scythe"" and ""windmill""",,,
154,Batterex,Fighting,Dragon,Iron Fist,90/125/100/60/70/80 (525),-,,Sugi'd,Batterex Sprites,Batterex Menu,Monster/Dragon,https://i.imgur.com/2w1ZoVs.png,https://i.imgur.com/39cUUxF.png,,"87.5% M, 12.5% F",2.5,135.0,70,Blue,3 Attack,45,5355,Medium Slow,208,,https://i.imgur.com/GK5id3M.png,"""batter"" and ""rex""",,,
157,Oburonyxo,Rock,Fairy,Solid Rock,"80/70/100/90/125/60 (525)",-,Lord Obu: The Stone Wall,Sugi'd,Oburonyxo Sprites,Oburonyxo Menu,Mineral/Fairy,^,^,,"87.5% M, 12.5% F",2.4,189.5,70,Brown,3 Sp. Def,45,5355,Medium Slow,208,,-,"Corruption of ""Oberon"" and corruption of ""onyx""",,,
160,Deathorus,Flying,Dark,Tough Claws,"75/95/70/90/70/125 (525)",-,Mixed attacking cloud kitty,https://i.imgur.com/4uOyo1N.png,Deathorus Sprites,Deathorus Menu,Flying/Amorphous,^,^,,"87.5% M, 12.5% F",2.0,30.2,70,Gray,3 Speed,45,5355,Medium Slow,208,,https://i.imgur.com/2NL5WvB.png,"""death"" and corruption of ""Aeolus""",,,
162,Knogrinyu,Normal,,Own Tempo/Reckless,170/120/70/40/70/75 (545),-,Grinding Pokemon,https://i.imgur.com/DntFA9P.png,Knogrinyu Sprites,Knogrinyu Menu,Field,,,,"50% M, 50% F",2.0,198.0,70,White,,60,5355,Fluctuating,250,,https://i.imgur.com/v8uRZhD.png,"""Know Your Meme"" and ""grind"" and corruption of ""gnu""",,,
164,Glassannon,Ice,Steel,Speed Boost/Bulletproof,45/139/40/139/40/135 (538),-,^,^,Glassannon Sprites,Glassannon Menu,Mineral,,,,"50% M, 50% F",1.9,305.4,70,Blue,"1 Attack, 1 Sp. Atk",60,6630,Medium Fast,182,,https://i.imgur.com/eGkn1mi.png,"""glass"" and ""cannon""",,,
166,Yedoom,Ice,Dark,Pressure/Tough Claws,80/115/90/60/95/95 (535),-,Yes plz we need more slow ice types,https://i.imgur.com/0Y1o7AW.png,Yedoom Sprites,Yedoom Menu,Field/Fairy,,,Aspear Berry(50%),"75% M, 25% F",1.3,77.1,35,White,2 Attack,65,5355,Medium Slow,175,,https://i.imgur.com/TJtATtE.png,"""yeti"" and ""doom""",,,
167,Mirrostine,Steel,Ghost,Lightning Rod/Trace,68/59/79/97/95/86 (484),-,"Changed BST, it now mirrors itself",https://i.imgur.com/mehnSVA.png,Mirrostine Sprites setirpS enitsorriM,Mirrostine Menu,Mineral/Amorphous,,,,"50% M, 50% F",1.1,6.8,35,Gray,2 Sp. Def,75,6630,Medium Slow,135,,-,"""mirror"" and ""R. L. Stine""",,,
169,Mudslacks,Ground,Fighting,Sand Rush/Stench,80/125/90/50/70/65 (480),-,,https://i.imgur.com/GbaD6A7.jpg,Mudslacks Sprites,Mudslacks Menu,Field,,,,"50% M, 50% F",1.0,29.5,70,Brown,2 Attack,90,5355,Medium Fast,137,,https://i.imgur.com/ymWkkd4.png,"""mud"" and ""slacks""",,,
171,Lossolith,Steel,Psychic,Levitate,50/60/200/60/140/30 (540),-,Loss mon (Nerfed due to absurd BST),https://i.imgur.com/AOmRqkr.png,Lossolith Sprites,Lossolith Menu,Mineral,,,,Genderless,5.8,950.0,70,Black,"1 Defense, 1 Sp. Def",90,5355,Slow,175,,https://i.imgur.com/yroOh0N.png,"""loss"" and ""monolith""",,,
172,Mimimie,Water,Dark,Suction Cups/Degenerate,75/80/80/115/85/90 (525),-,lol it's the bitch from me!me!me!,Sugi'd,Mimimie Sprites,Mimimie Menu,Water 2/Water 3,https://i.imgur.com/s6oYSKA.png,,,"25% M, 75% F",1.0,35.0,35,Pink,2 Sp. Atk,65,6630,Slow,154,,https://i.imgur.com/gFowns7.png,"Corruption of ""ME!ME!ME!""",,,
173,Sprucifix,Grass,Ghost,Wonder Guard/Regenerator,89/108/122/49/75/50 (493),-,rip in peace jesus :(,Sugi'd,Sprucifix Sprites,Sprucifix Menu,Grass/Human-Like,https://i.imgur.com/CVz2hwg.png,,,100% M,1.7,55.2,70,Brown,2 Defense,60,7905,Slow,200,,https://i.imgur.com/OytRlvM.png,"""spruce"" and ""crucifix""",,,
174,Hulkan,Fighting,,Guts/Hustle,110/150/100/20/90/50 (520),-,Hulk Hogan mon. Loses to Machmona.,https://i.imgur.com/mzvNvPQ.jpg,Hulkan Sprites,Hulkan Menu,Human-Like,https://i.imgur.com/GmO7CSM.png,,,"75% M, 25% F",2.0,130.0,70,Green,2 Attack,75,6630,Medium Slow,183,,https://i.imgur.com/W9FXhoT.png,"Corruption of ""Hulk Hogan""",,,
177,Nomaestro,Fairy,Flying,Cacophony/Boombox,100/105/90/95/80/75 (545),-,^,^,Nomaestro Sprites,Nomaestro Menu,Flying/Fairy,,,,Genderless,1.9,120.0,35,Pink,3 Sp. Atk,45,6630,Medium Slow,195,,https://i.imgur.com/XqgExVs.png,"""Nonon"" and ""maestro""",,,
180,Nutzboltz,Poison,Flying,Big Pecks,105/70/80/85/95/80 (515),-,Nutz and Boltz,^,Nutzboltz Sprites,Nutzboltz Menu,Flying,,,,"50% M, 50% F",1.8,85.2,70,Purple,3 HP,65,5355,Medium Fast,199,,https://i.imgur.com/Ugrffqg.png,"""Nutz"" and ""Boltz""",,,
182,Kuklan,Fire,,Flash Fire/Levitate,60/60/60/115/115/105 (515),-,KKKmon,Sugi'd,Kuklan Sprites,Kuklan Menu,Amorphous,^,,,"75% M, 25% F",1.5,4.4,35,White,2 Sp. Atk,65,6630,Medium Fast,147,,-,"Corruption of ""Ku Klux Klan""",,,
184,Piicee,Psychic,Poison,Synchronize/Triage,95/50/75/95/115/80 (510),-,"Daily Dose, Camerupt's signature mon, Redesign approved",https://i.imgur.com/Lr0gpdu.png,"Thanks, Doc","Gratitudes, Physician",Amorphous/Monster,https://i.imgur.com/zmO8OVD.png,,"Super Potion(50%), Hyper Potion(5%)","75% M, 25% F",1.3,40.0,70,Green,"1 Sp. Def, 1 Speed",75,5355,Erratic,169,,https://i.imgur.com/h2qAM2n.png,"Corruption of ""Picollo""",,,
185,Sonnanos,Steel,Fighting,Sheer Force,105/115/105/60/60/70 (515),-,"Nanomachines, son",Sugi'd,Sonnanos Sprites,Sonnanos Menu,Mineral/Human-Like,https://i.imgur.com/OLVNd8E.png,,,"75% M, 25% F",1.6,139.0,70,Gray,"1 HP, 1 Attack",100,5355,Medium Slow,170,,https://i.imgur.com/uABw6zQ.png,"""son"" and ""nanomachines""",,,
186,Plebbles,Rock,,Sturdy/Levitate,60/80/160/50/70/70 (490),-,The sneaky pebbles mon,Sugi'd,Plebbles Sprites,Plebbles Menu,Mineral,https://i.imgur.com/76dc4er.png,,"King's Rock(50%), Choice Scarf(5%)","50% M, 50% F",0.4,4.5,70,Brown,2 Defense,120,5355,Medium Slow,122,,-,"""plebian"" and ""pebbles""",,,
189,Phantash,Ghost,,White Smoke,90/65/85/110/110/60 (520),-,RIP in piicees;_;,^,Phantash Sprites,Phantash Menu,Grass/Mineral,,,Sacred Ash(5%),"50% M, 50% F",1.5,0.2,0,Gray,"2 Sp. Atk, 1 Sp. Def",55,4030,Fluctuating,200,,-,"""phantom"" and ""ash""",,,
190,Polossus,Poison,,Pollution/Effect Spore,140/115/75/60/75/65 (530),-,,https://i.imgur.com/hZgZzul.png,Polossus Sprites,Polossus Menu,Amorphous,Third one,,,Genderless,4.2,336.0,35,Black,2 HP,50,7905,Slow,200,,https://i.imgur.com/TLmW3xg.png,"""pollution"" and ""colossus""",,,
191,Hitmonana,Grass,Fighting,Shed Skin/Harvest,70/100/100/100/100/45 (515),-,Naked banana mon,https://i.imgur.com/W5PUlQ5.png,"I really, really, really like these sprites",Hitmonana Menu,Grass,,,"Nanab Berry(50%), Nanab Berry(5%)","75% M, 25% F",0.8,15.0,70,Yellow,"1 Defense, 1 Sp. Def",75,6630,Fast,139,,-,"""hit"" and ""mon"" and ""banana""",,,
193,Barbarkley,Rock,Fighting,Quick Feet,96/105/80/54/70/115 (520),-,"Everybody get up, it's time to jam now",https://i.imgur.com/pW7rA4Q.png,Barbarkley Sprites,Barbarkley Menu,Mineral/Human-Like,,,,100% M,1.3,96.0,70,Brown,2 Speed,50,5355,Erratic,196,,https://i.imgur.com/8tYRiA5.png,"""Barbaracle"" and ""Barkley""",,,
195,Rekroach,Dark,Bug,Swarm/Iron Fist,90/110/115/50/70/80 (515),-,True ant,Sugi'd,Rekroach Sprites,Rekroach Menu,Bug,^,,,"50% M, 50% F",1.3,44.4,35,Gray,2 Defense,100,5355,Medium Fast,126,,https://i.imgur.com/Tcr9QcY.png,"""rek"" and ""roach""",,,
197,Ricosuave,Normal,,Speed Boost/Magic Bounce,130/70/80/60/70/115 (525),-,^ Bouncing/ricocheting based moveset,https://i.imgur.com/MBTz23k.png,Ricosuave Sprites,Ricosuave Menu,Field,,,,"50% M, 50% F",1.0,12.0,70,Yellow,2 HP,75,5355,Medium Slow,167,,https://i.imgur.com/mWPS35u.png,"""ricochet"" and ""suave""",,,
198,Spaghefant,Ground,Fairy,Water Absorb/Intimidate,120/60/100/100/85/35 (500),-,Needs to learn Water and Grass moves,https://i.imgur.com/0Tfj0K7.png,Spaghefant Sprites,Spaghefant Menu,Field/Fairy,,,,"75% M, 25% F",2.9,300.0,70,White,2 HP,65,6630,Slow,135,,https://i.imgur.com/Kslg10e.png,"""spaghetti"" and ""elephant""",,,
200,Crystaking,Ice,Poison,Rough Skin/Poison Point,90/120/96/75/85/80 (546),-,,Sugi'd,Crystaking Sprites,Crystaking Menu,Monster,https://i.imgur.com/Kk7tp0F.jpg,,NevermeltIce(5%),"75% M, 25% F",2.1,100.0,70,Blue,2 Attack,45,5355,Medium Slow,199,,https://i.imgur.com/FLWFPjg.png,"""crystal"" and ""king""",,,
201,Fontaba,Psychic,,Board Power,75/80/91/80/91/75 (492),-,4Chan board Unowns (formerly was a futa),https://i.imgur.com/zxZ2aSy.png,Fontaba Sprites,Fontaba Menus,Undiscovered,,,,Genderless,1.0,10.0,0,Black,2 Sp. Atk,225,30855,Slow,61,,-,"""font"" and ""Futaba""",,,
204,Roynapalm,Grass,,Chlorophyll/Flash Fire,90/50/100/143/80/70 (533),-,"Pure grass, should learn fire moves too",https://i.imgur.com/baBPngk.png,Roynapalm Sprites,Roynapalm Menu,Grass,https://i.imgur.com/uTZpBmw.jpg,,,"50% M, 50% F",2.5,199.9,70,Brown,3 Sp. Atk,45,6630,Fast,195,,https://i.imgur.com/SBXAIdn.png,"""royal"" and ""napalm"" or ""palm""",,,
207,Manatank,Water,Ice,Pure Power/Torrent,110/60/120/85/127/50 (552),-,BARA MANATEE,https://i.imgur.com/gfeeNts.jpg,Manatank Sprites,Manatank Menu,Monster/Water 2,,,,"75% M, 25% F",2.8,300.0,70,Blue,3 Defense,45,5355,Medium Slow,187,,https://i.imgur.com/63ENYPs.png,"""manatee"" and ""tank""",,,
209,Motherfuck,Ground,Flying,Shadow Tag,55/95/115/45/100/90 (500),-,"Explosion, Destiny Bond, Spore, Perish Song: The player can get fucked in 4 diffrent ways with no way to run! - Lore time! Motherfuck are bioweapons was created through genetic engineering by the Neo Nazis on Outcast Island. They funded the project by selling Pikotton, which they also created. Then they both escaped into the wild",Sugi'd,Motherfuck Sprites,Motherfuck Menu,Mineral/Flying,https://i.imgur.com/ASn6RZs.png,,Focus Sash (100%),"50% M, 50% F",1.4,106.5,0,Brown,,15,30855,Fluctuating,5,,-,"Literally ""Motherfuck""",,,
211,Draconius,Normal,Dragon,Huge Power,130/65/100/110/90/60 (555),-,"Massive, burly, hairy, gorilla armed dragon powerhouse",https://i.imgur.com/Xl11iYa.png,Draconius Sprites,Draconius Menu,Fairy/Dragon,https://i.imgur.com/zWkB0wt.png,,,"50% M, 50% F",2.4,454.0,70,Brown,2 HP,45,7905,Slow,215,,https://i.imgur.com/xFnmoxz.png,"Corruption of ""draconian""",,,
214,Scythear,Bug,Steel,Compound Eyes/Hyper Cutter,85/135/85/60/70/115 (550),-,,Sugi'd,Scythear Sprites,Scythear Menu,Bug/Monster,https://i.imgur.com/XyiWFgW.png,,,"50% M, 50% F",2.1,79.0,70,Blue,3 Attack,45,7905,Medium Slow,220,,https://i.imgur.com/aGPOMdN.png,"""scythe"" and ""earwig""",,,
216,Snugware,Electric,Bug,Download/Thick Fat,100/105/110/75/80/75 (545),Upgrade,A comfy computer virus,Sugi'd,Snugware Sprites,Snugware Menu,Amorphous/Bug,^,https://i.imgur.com/RZ62xIS.jpg,,Genderless,1.1,22.5,70,Gray,2 Attack,60,5355,Medium Slow,205,,https://i.imgur.com/t8YmZgs.png,"""snug"" and ""software""",,,
217,Fleespecs,Electric,Bug,Download/Motor Drive,100/75/75/105/80/110 (545),Thunder Stone,Cozload split evolution (focus on speed),Sugi'd,Fleespecs Sprites,Fleespecs Menu,Amorphous/Bug,^,,,Genderless,1.1,19.0,70,Gray,2 Speed,60,5355,Medium Slow,205,,https://i.imgur.com/h743AaN.png,"""fleece"" and ""specs""",,,
218,Honrade,Fairy,Fighting,Blademaster/Justified,80/130/70/45/75/90 (490),-,,Sugi'd,Honrade Sprites,Honrade Menu,Fairy/Field,https://i.imgur.com/ka91oAt.png,,,"75% M, 25% F",1.0,28.0,70,Blue,2 Attack,75,5355,Medium Fast,110,,https://i.imgur.com/Cd7cdBD.png,"""honor"" and ""comrade""",105,,
220,Premantom,Dark,Ghost,Pressure,80/75/110/85/120/85 (555),-,,^,Premantom Sprites,Premantom Menu,Amorphous/Human-Like,,,Lucky Egg(5%),"50% M, 50% F",1.3,31.0,35,Red,2 Sp. Def,45,2805,Slow,214,,-,"""premature"" and ""phantom""",,,
222,Galavire,Steel,Electric,Levitate,70/60/95/130/90/105 (550),Atk < Sp. Atk,"Made of electrical wire, sp attacker",https://i.imgur.com/ks7tNF9.jpg,Galavire Sprites,Galavire Menu,Amorphous/Mineral,,,"Poke Ball(50%), Great Ball(5%)",Genderless,2.3,105.5,35,Gray,2 Sp. Atk,65,6630,Medium Slow,201,,-,"Corruption of ""galvanize"" and ""wire""",,,
223,Galaviste,Steel,Fighting,Intimidate,110/130/95/60/90/65 (550),Atk > Sp. Atk,"A bulky robot, physical attacker",https://i.imgur.com/pVrwaY4.jpg,Galaviste Sprites,Galaviste Menu,Amorphous/Mineral,,,"Poke Ball(50%), Great Ball(5%)",Genderless,2.8,345.0,35,Gray,2 Attack,65,6630,Medium Slow,201,,https://i.imgur.com/haktGRA.png,"Corruption of ""galvanize"" and corruption of ""fist""",,,
225,Florigrace,Water,Grass,Effect Spore/Flower Veil,105/50/70/90/90/85 (490),-,,https://i.imgur.com/Kszq9g7.png,Florigrace Sprites,Florigrace Menu,Water 2/Grass,,,,"50% M, 50% F",0.9,22.6,100,Green,2 HP,125,5355,Medium Fast,169,,-,"Corruption of ""flora"" and ""grace""",60,,
227,Wifemin,Psychic,,Synchronize/Cute Charm,110/60/110/90/115/50 (535),-,Best Waifu :^),Sugi'd,Wifemin Sprites,Wifemin Menu,Amorphous/Human-Like,https://i.imgur.com/nWFgOdF.png,,,"87.5% M, 12.5% F",1.6,49.6,100,Blue,2 Sp. Def,45,5355,Medium Fast,168,,https://i.imgur.com/LxcIRDJ.png,"""wife"" and ""feminine""",,,
228,Uwotto,Psychic,Steel,Compound Eyes/Intimidate,80/110/105/90/100/80 (565),-,Cross-gen Ayylamo Evo,Sugi'd,Uwotto Sprites,Uwotto Menu,Amorphous/Human-Like,https://i.imgur.com/CLJ8bl2.jpg,,,"50% M, 50% F",1.6,84.5,35,Black,"2 Attack, 1 Sp. Def",45,6630,Slow,151,,https://i.imgur.com/11nNxWv.png,"Corruption of ""u wot, m8?""",,,
229,Venowatt,Electric,Poison,Illuminate,85/60/115/110/95/75 (540),-,Cross-gen Proboskito Evo,https://i.imgur.com/NVCKhy6.png,Venowatt Sprites,Venowatt Menu,Bug,,,,"50% M, 50% F",1.7,51.5,70,Gray,3 Speed,45,4080,Medium Fast,190,,https://i.imgur.com/Q6YlPdx.png,"""venom"" and ""watt""",,,
230,Vaultevour,Steel,Dark,Strong Jaw,80/140/105/50/110/40 (525),-,Cross-gen Chompest Evo,https://i.imgur.com/iLJa064.png,Vaultevour Sprites,Vaultevour Menu,Amorphous/Mineral,,,,"50% M, 50% F",1.4,250.0,70,Gray,3 Defense,45,5355,Medium Fast,196,,https://i.imgur.com/UYsBJVA.png,"""vault"" and ""devour""",,,
231,Semdemen,Water,Ground,Insomnia/Immunity,130/90/85/90/100/60 (555),-,Cross-gen Semrust Evo (who is this semen demon?),https://i.imgur.com/QtS94jc.png,Semdemen Sprites,Who is this semen demon?,Amorphous/Monster,,,,"87.5% M, 12.5% F",1.6,90.5,70,White,3 HP,45,5355,Medium Fast,189,,-,"""semen"" and ""demon""",,,
232,Dragking,Fairy,,Oblivious/Serene Grace,69/110/75/80/70/115 (519),-,Cross-gen Inbitween Splitevo,https://i.imgur.com/muhl1LI.png,Dragking Sprites,Dragking Menu,Field/Fairy,https://i.imgur.com/rjxSlDI.png,,,100% F,1.7,95.0,70,Purple,2 Speed,60,5355,Medium Fast,172,,https://i.imgur.com/eUws0dY.png,"""drag queen"" and ""king""",,,
233,Kuuroba,Grass,Fighting,Huge Power,90/105/90/80/90/75 (530),-,Cross-gen Clovour Splitevo,Sugi'd,Kuuroba Sprites,Kuuroba Menu,Fairy/Grass,https://i.imgur.com/jotfQJv.jpg,,,"25% M, 75% F",1.9,102.0,70,Green,2 Attack,75,5355,Medium Fast,164,,https://i.imgur.com/CaILSwN.png,"Corruption of ""clover""",,,
234,Baitmaster,Water,Fairy,Regenerator,85/69/70/105/83/115 (527),-,Cross-gen Tulure Splitevo,Sugi'd,Baitmaster Sprites,Baitmaster Menu,Monster/Water 2,https://i.imgur.com/XbZLJ2m.png,,,"50% M, 50% F",2.0,80.5,70,Blue,3 Speed,45,5355,Medium Slow,192,,-,"""bait"" and ""master""",,,
237,Spookzilla,Ghost,,Cursed Body/Intimidate,90/137/105/73/85/110 (600),-,Pseudo-legendary #1,^,Spookzilla Sprites,U have been spooked by the spooky skeleton,Amorphous,,,,"50% M, 50% F",1.6,15.5,35,Purple,3 Attack,45,10455,Slow,218,,https://i.imgur.com/fif5UvD.png,"""spook"" and ""Godzilla""",,,
240,Potarded,Ground,,Oblivious/Klutz,110/145/116/80/79/70 (600),-,Pseudo-legendary #2,^,BRECKFAST,POOP SCOOP MALOOP,Fairy/Grass,,,,"50% M, 50% F",1.2,40.0,35,Brown,3 HP,45,10455,Slow,218,,https://i.imgur.com/0RNTYWs.png,"""potato"" and ""retarded""",,,
242,Deloris,Grass,Ghost,Own Tempo,90/90/75/90/90/80 (515),-,Classic holy quadfecta,Sugi'd,Deloris Sprites,Deloris Menu,Fairy/Grass,https://vpokemon.wikia.com/wiki/Deloris,,,100% F,2.4,122.5,70,Pink,3 Sp. Def,45,7905,Medium Slow,200,,https://i.imgur.com/eElVhq0.png,"Literally ""Deloris""",,,
243,Oreon,Fairy,Dark,Super Luck,95/60/65/130/65/110 (525),-,Classic holy quadfecta,https://i.imgur.com/l3Pypq1.jpg,Oreon Sprites,Oreon Menu,Field,,,,"87.5% M, 12.5 % F",1.0,27.0,70,Black,3 Sp. Atk,45,9180,Medium Slow,200,,https://i.imgur.com/Pd6NhjP.png,"""oreo"" and ""eon""",,,
244,Farfigtron,Fire,Fighting,No Guard,80/127/73/107/63/102 (552),-,"Classic holy quadfecta, will be given its full name of Farfignugletron in DC (hopefully)",https://vpokemon.wikia.com/wiki/Farfignugletron,Farfigtron Sprites,Farfigtron Menu,Field/Monster,,,,"50% M, 50% F",2.6,106.5,35,Red,3 Sp. Atk,45,10455,Medium Slow,200,,https://i.imgur.com/cJxfXpS.png,"Shortened form of ""Farfignugletron""",,,
245,Regirode,Rock,Ghost,Weak Armor,80/50/75/125/150/100 (580),-,Legendary trio,https://i.imgur.com/ETGfZI1.png,Regirode Sprites,Regirode Menu,Undiscovered,,,,Genderless,1.7,148.4,35,Brown,3 Sp. Def,3,20655,Slow,255,,https://i.imgur.com/3PqzfVW.png,"""regis"" and ""erode""",,,
246,Regimelt,Ice,Ghost,Weak Armor,80/125/150/50/75/100 (580),-,Legendary trio,^,Regimelt Sprites,Regimelt Menu,Undiscovered,,,,Genderless,1.8,86.3,35,Blue,3 Defense,3,20655,Slow,255,,https://i.imgur.com/tDDfOIi.png,"""regis"" and ""melt""",,,
247,Regirust,Steel,Ghost,Weak Armor,80/85/115/85/115/100 (580),-,Legendary trio,^,Regirust Sprites,Regirust Menu,Undiscovered,,,,Genderless,1.9,182.1,35,Red,"2 Defense, 1 Sp. Def",3,20655,Slow,255,,https://i.imgur.com/80cFa8b.png,"""regis"" and ""rust""",,,
254,Peperee,Grass,Rock,Overgrow,100/90/120/55/95/65 (525),-,">So, no one will pick me? REEEEEEE",^,PEPEREEEE SPRITES,PEPEREE MENU,Grass/Monster,,,,"87.5% M, 12.5% F",1.7,155.5,70,GREEEEEEEN,3 Defense,45,5355,Medium Slow,208,,https://i.imgur.com/1ShlQSK.png,"""Pepe"" and ""REEEEEEEEEE""",,,
257,Saudoge,Fire,Flying,Blaze,80/80/65/120/80/100 (525),-,camerupt is no longer salty about the typing :^),^,much sprites,such menu,Field/Dragon,,,,"87.5% M, 12.5% F",3.2,130.1,70,Red,3 Sp. Atk,45,5355,Medium Slow,208,,https://i.imgur.com/PU7xErF.png,"""sausage"" and ""doge""",,,
260,Davyjaws,Water,Fighting,Torrent,90/120/85/65/85/80 (525),-,YOU ARRR A PIRATE!!!,Sugi'd,Davyjaws Sprites,Davyjaws Menu,Water 1/Water 2,https://i.imgur.com/HgpS6Xi.png,,Nugget (5%),"87.5% M, 12.5% F",1.7,140.0,70,Blue,3 Attack,45,5355,Medium Slow,208,,https://i.imgur.com/3VyIxyD.png,"""Davy Jones"" and ""Jaws""",,,
265,FaZeagle,Fire,Flying,Sniper/Keen Eye,75/90/60/85/60/110 (480),-,from noob to FaZe in three days,^,xx_xXx_420_x_FAZE_SPRITES_x_420_xXx_xx,FaZeagle Menu,Flying,^,,,"50% M, 50% F",1.7,75.5,35,Red,3 Speed,120,3855,Medium Slow,172,,https://i.imgur.com/TVBLp7O.png,"""FaZe"" and ""eagle""",,,
268,Oogabuga,Bug,Grass,Intimidate/Wooden Guard,77/62/110/92/90/65 (496),-,OOGA BOOGA WHERE THE WHITE WOMEN AT,^,Oogabuga Sprites,Oogabuga Menu,Bug,,,Silver Powder (5%),"50% M, 50% F",1.2,27.2,70,Brown,"2 Defense, 1 Sp. Def",40,2570,Fast,160,,https://i.imgur.com/KJGuLhA.png,"""ooga booga"" and ""bug""",,,
274,Wheygle,Fighting,Flying,Big Pecks/No Guard,82/125/77/45/65/93 (487),-,NOW I'M A JERK AND EVERYBODY LOVES ME,Sugi'd,Wheygle Sprites,Wheygle Menu,Flying/Human-Like,Third one,,,"75% M, 25% F",1.5,50.5,70,Brown,"1 Attack, 1 Speed",120,5140,Medium Fast,162,,https://i.imgur.com/Q3ViQZe.png,"""whey"" and ""eagle""",,,
275,Gangnome,Fairy,,Soundproof/Concert,120/50/115/55/125/40 (505),-,"South Korea K-Pop mon (annoying), gets no recovery (aside from Rest), Substitute and Protect",https://i.imgur.com/PsQfkTI.png,Gangnome Sprites,Gangnome Menu,Human-Like,,,,"50% M, 50% F",1.0,22.5,70,Green,1 Sp. Def,150,3855,Erratic,99,,https://i.imgur.com/ghUZZ3L.png,"""Gangnam"" and ""gnome""",,,
276,Pyongnome,Steel,,Intimidate/No Guard,70/135/60/115/45/80 (505),-,"North Korea Dictator mon (hits like a bomb), gets no priority and attack/speed boosting moves",https://i.imgur.com/ixcoDDE.png,Pyongnome Sprites,Pyongnome Menu,Human-Like,,,,"50% M, 50% F",1.0,22.5,0,Green,1 Attack,150,3855,Erratic,99,,https://i.imgur.com/wcJwNBT.png,"""Pyongyang"" and ""gnome""",,,
278,Ubruh,Ground,Fighting,Stamina/Sturdy,110/100/120/55/80/50 (515),-,Bruh,^,Ubruh Sprites,Ubruh Menu,Mineral/Human-Like,,,,"50% M, 50% F",2.0,90.0,70,Brown,2 Attack,45,5355,Medium Slow,202,,https://i.imgur.com/krRVdPu.png,"Corruption of ""you"" and ""bruh""",,,
280,Walruskie,Water,,Hydration/Slush Rush,120/95/83/60/70/80 (508),-,FOR THE MOTHER RUSSIA!!!,^,Walruskie Sprites,Walruskie Menu,Water 1,,,,"50% M, 50% F",1.4,150.6,35,Blue,"1 HP, 1 Attack",45,5140,Medium Slow,176,,-,"""walruse"" and ""Ruskie""",,,
282,Warudio,Dark,Fighting,Regenerator,80/105/80/85/80/120 (550),-,Spoilers: Kakyoin Dies...,^,WRYYYYYYYYYY!!!!!!!,Warudio Menu,Human-Like/Flying,,,,"75% M, 25% F",1.9,105.0,0,Yellow,2 Speed,45,5140,Medium Fast,186,,https://i.imgur.com/ueum1gO.png,"""Warudo"" and ""Dio""",,,
284,Donutsteel,Steel,,Trace/Color Change,67/80/113/48/85/112 (505),-,DO NOT STEAL,^,Donutsteel Sprites,Donutsteel Menu,Mineral,,,,Genderless,1.0,35.0,70,Gray,"1 Defense, 1 Speed",45,5376,Fluctuating,175,,https://i.imgur.com/xqkkGvL.png,"""donut"" and ""DO NOT STEAL"" and ""steel""",,,
286,Fondupple,Grass,Fairy,Sweet Veil/Aroma Veil,89/115/90/50/110/51 (505) ,-,Fondaunting is still alive... in spirit,Sugi'd,Fondupple Sprites,Fondupple Menu,Grass/Fairy,^,,,"50% M, 50% F",1.1,20.4,0,White,2 Attack,55,5355,Medium Slow,175,,-,"""fondant"" and ""apple""",,,
287,Baloofang,Ghost,,Aftermath/Unaware,100/61/85/80/105/64 (495),-,>7-1 NEVER FORGET,Sugi'd,Baloofang Sprites,Baloofang Menu,Amorphous,https://i.imgur.com/wXOSUX8.png,https://i.imgur.com/VnzkwMB.png,Razor Fang(5%),"50% M, 50% F",1.5,9.0,35,Purple,2 HP,60,10280,Slow,117,,-,"""balloon"" and ""fang""",,,
288,Socckat,Normal,Fighting,Quick Feet/Striker,80/105/75/55/65/115 (495),-,>9/11 NEVER FORGET,https://i.imgur.com/5iJM1ob.png,Socckat Sprites,Socckat Menu,Field,,,,"50% M, 50% F",1.0,32.0,70,Brown,2 Attack,60,5140,Medium Fast,117,,https://i.imgur.com/xQomO3o.png,"""soccer"" and ""cat""",,,
290,Ruselamp,Psychic,Electric,Illuminate/Synchronize,70/50/80/145/90/90 (525),-,The ruse is remove genies,^,Definitely Not Ruselamp Sprites,Ruselamp Menu,Mineral/Fairy,,,,"50% M, 50% F",1.5,72.0,70,Yellow,2 Sp. Atk,90,5140,Medium Fast,189,,https://i.imgur.com/cEHHcV4.png,"""ruse"" and ""lamp""",,,
292,Tunakking,Fire,Psychic,Levitate,80/48/80/111/85/121 (525),-,Tunak Tunak Tun,^,Tunakking Sprites,Tunakking Menu,Mineral/Human-Like,,,,"50% M, 50% F",1.5,65.0,70,Red,"1 HP, 1 Sp. Atk",25,6425,Slow,170,,-,"""Tunak Tunak Tun"" and ""king""",,,
294,Hohohoming,Ice,,Levitate/Sniper,81/40/71/126/81/91 (490),-,The cutest fakemon DIO has made,https://i.imgur.com/V06azlx.png,Hohohoming Sprites,Hohohoming Menu,Mineral/Field,https://i.imgur.com/Zjxb4qJ.jpg,,,"50% M, 50% F",1.5,118.0,70,Blue,2 Sp. Atk,70,5140,Fast,188,,https://i.imgur.com/nl69E5V.png,"""ho ho ho"" and ""homing""",,,
296,Hopault,Bug,Fighting,Reckless/Guts,70/115/80/60/70/115 (510),-,HENSHIN,https://i.imgur.com/MSzEzuO.png,Hopault Sprites,Hopault Menu,Bug/Human-Like,^,,,"50% M, 50% F",1.9,90.0,70,Brown,"1 Attack, 1 Speed",70,5140,Medium Fast,165,,https://i.imgur.com/efwuNjT.png,"""hop"" and ""vault""",,,
298,Senketula,Bug,Dark,Hyper Cutter/Intimidate,100/100/100/55/100/55 (510),-,DON'T LOSE YOUR WAY,https://i.imgur.com/u7Por2e.jpg,Senketula Sprites,Senketula Menu,Bug,,,,"25% M, 75% F",1.2,30.0,35,Black,2 HP,70,5140,Medium Fast,165,,https://i.imgur.com/9IP7XLm.png,"""Senketsu"" and ""tarantula""",,,
299,Falcaptain,Fighting,Flying,Big Pecks/Iron Fist,60/115/55/85/50/130 (495),-,SHOW ME YOUR MOVES! (Should have elemental punches/some fire type moves),Sugi'd,Falcaptain Sprites,Falcaptain Menu,Field/Flying,https://i.imgur.com/7DVAmrC.png,,,100% M,1.9,77.1,70,Blue,2 Speed,45,5140,Medium Fast,145,,https://i.imgur.com/KUUXJjy.png,"Corruption of ""Captain Falcon""",,,
301,Traumobra,Poison,Fairy,Prankster/Magic Bounce,71/71/91/101/81/111 (526),-,"It's an actual thing, look it up",Sugi'd,Traumobra Sprites,Traumobra Menu,Dragon/Monster,^,,,"50% M, 50% F",1.5,9.0,35,White,2 Speed,60,5140,Fast,166,,-,"""trauma"" and ""cobra""",,,
303,Reptrill,Ground,Steel,Strong Jaw/Sheer Force,85/120/105/50/80/50 (490),-,"There is no joke, they're just fucking cool",^,Reptrill Sprites,Reptrill Menu,Mineral/Dragon,,,,"50% M, 50% F",1.3,56.0,70,Yellow,"1 Attack, 1 Defense",60,6425,Slow,169,,https://i.imgur.com/YzF346o.png,"""reptile"" and ""drill""",,,
305,Feferun,Bug,Ground,Flash Fire/Sand Force,80/75/100/125/80/70 (530),-,^,^,Feferun Sprites,Feferun Menu,Bug,,,,"25% M, 75% F",1.8,79.2,70,Red,2 Sp. Attack,45,5120,Fast,205,,https://i.imgur.com/UzMCVH4.png,"""Fefe"" and ""RUN""",,,
308,Shiriman,Psychic,Fairy,Prankster/Keen Eye,109/88/87/86/85/64 (519),-,The Asshole Pokemon (based on an actual yokai named Shirime),https://i.imgur.com/XHExELk.png,Shiriman Sprites,Shiriman Menu,Fairy/Human-Like,,,,"50% M, 50% F",0.9,31.6,70,Purple,1 HP,10,5140,Erratic,146,,https://i.imgur.com/rstJpr5.png,"""shirime"" and ""man""",,,
310,Dedwheat,Grass,Poison,Truant/Effect Spore,190/55/60/85/60/50 (500),-,New bread when?,https://i.imgur.com/ShZSIGB.jpg,Dedwheat Sprites,Dedwheat Menu,Grass/Amorphous,,,"Tiny Mushroom (50%), Big Mushroom (5%)",Genderless,1.5,9.0,0,Gray,2 HP,120,1280,Fluctuating,90,,-,"""dead"" and ""wheat""",,,
312,Deisnutz,Ghost,Fairy,Madman/Strong Jaw,80/90/110/90/90/40 (500),-,GOTEEM (we lub u CAPSLOCK)                                        snnnnniiiiiiffffffffffff...oh yes my dear....sssnnnnnnnnnnnniiiiiiiiffffffff....quite pungent indeed...is that....dare I say....sssssssnniff...eggs I smell?......sniff sniff....hmmm...yes...quite so my darling....sniff....quite pungent eggs yes very much so .....ssssssssssssssnnnnnnnnnnnnnnniiiiiiiffffff....ah yes...and also....a hint of....sniff....cheese.....quite wet my dear....sniff...but of yes...this will do nicely....sniff.....please my dear....another if you please....nice a big now.... BBBBBBRRRRRRRAAAAAAAPPPPPPPFFFFFFFFLLLLLLLLLPPPPPPPPPFFFFFF Oh yes...very good!....very sloppy and wet my dear....hmmmmm...is that a drop of nugget I see on the rim?...hmmmm.....let me.....let me just have a little taste before the sniff my darling.......hmmmmm....hmm..yes....that is a delicate bit of chocolate my dear....ah yes....let me guess...curry for dinner?....oh quite right I am....aren't I?....ok....time for sniff.....sssssnnnnnnniiiiiiiiffffffff.....hmmm...hhhmmmmm I see...yes....yes indeed as well curry......hmmm....that fragrance is quite noticeable....yes.....onion and garlic chutney I take it my dear?.....hmmmmm....yes quite..... BBBBBBRRRRRRRRPPPPPPFFFFFFFFFFFFFFFFFFFFFTTTTTTTTTTT Oh I was not expecting that…that little gust my dear….you caught me off guard…yes…so gentle it was though…hmmmm…let me taste this little one…just one small sniff…..sniff…ah….ssssssnnnnnniiiiiffffffffffff…and yet…so strong…yes…the odor….sniff sniff…hmmm….is that….sniff….hmmm….I can almost taste it my dear…..yes….just…sniff….a little whiff more if you please…..ssssssnnnnnniiiiiffffffffff…ah yes I have it now….yes quite….hhhhmmmm…delectable my dear…..quite exquisite yes…..I dare say…sniff….the most pungent one yet my dear….ssssnnnnniiiifffffffffffffffffffffff….yes….,https://i.imgur.com/ffduJYE.png,DEEZ Sprites,Diesnutz Menu,Grass/Amorphous,,,,"50% M, 50% F",1.5,27.2,35,Yellow,2 HP,45,5120,Fast,102,,https://i.imgur.com/AhkDyIy.png,"Corruption of ""DEEZ NUTS""",,,
314,Spedo,Fairy,,Arena Trap/Sheer Force,105/100/70/95/70/80 (520),-,pedobear,^,Spedo Sprites,Spedo Menu,Field,,,,"50% M, 50% F",2.1,156.5,70,Pink,2 HP,120,5140,Medium Fast,169,,https://i.imgur.com/xXcTmhx.png,"""sparde"" and ""pedobear""",,,
316,Apartmant,Bug,Rock,More Room/Shell Armor,90/110/120/50/60/70 (500),-,It's at least three times bigger,https://i.imgur.com/bD52cEH.png,Apartmant Sprites,Apartmant Menu,Bug/Mineral,,,,"50% M, 50% F",0.3,4.5,70,Brown,2 Defense,85,3855,Erratic,166,,https://i.imgur.com/GEY5gmJ.png,"""apartment"" and ""ant""",,,
318,Maripyro,Bug,Fire,Magic Guard/Gooey,80/125/75/75/90/95 (540),-,Drawingpad's awesome fire bugs,^,Maripyro Sprites,Maripyro Menu,Bug,,,,"50% M, 50% F",3.2,92.0,70,Yellow,"1 Attack, 1 Speed",25,5140,Medium Slow,210,,https://i.imgur.com/cRabYIp.png,"""mariposa"" and ""pyro""",,,
319,Confirmabi,Grass,Psychic,Quick Feet,80/60/70/95/70/135 (510),-,Serebii confirmed,https://i.imgur.com/nr1Sxbx.png,"Serebii confirmed, bitch",Confirmabi Menu,Grass,,,,Genderless,0.6,5.0,70,Green,1 Speed,120,2570,Fast,251,,https://i.imgur.com/Dp8qfUc.png,"""confirm"" and ""Serebii""",,,
320,Bulbapedo,Grass,Poison,Rivalry,145/75/90/70/90/40 (510),-,pomf pls,^ ,I know it's petty,Bulbapedo Menu,Grass,,,,"87.5% M, 12.5% F",0.7,25.0,70,Green,1 HP,200,10280,Slow,100,,https://i.imgur.com/DvM4XqJ.png,"Literally ""bulbapedo""",,,
322,Wantnaut,Steel,Poison,Battle Armor/Iron Barbs,100/125/90/30/120/50 (515) ,-,^,https://i.imgur.com/DRBgs5E.png,Wantnaut Sprites,Wantnaut Menu,Minreal/Field,,,,"50% M, 50% F",1.9,392.0,70,Green,2 Attack,100,6425,Slow,196,,https://i.imgur.com/YVv7DKy.png,"Corruption of ""want not""",,,
323,Cansumor,Poison,,Liquid Ooze,135/80/90/65/90/35 (495),-,"""It looks like a melting foreskin"" - Someone on IRC",Sugi'd,Cansumor Sprites,Cansumor Menu,Amorphous/Field,https://i.imgur.com/ICUimxE.png,https://i.imgur.com/6BJwYbQ.png,,"50% M, 50% F",1.0,27.2,35,Brown,2 HP,45,12,Erratic,140,,-,"""Cancer"" and ""consumer""",,,
325,Cokemmoth,Ice,,Speed Boost/Slush Rush,105/110/75/115/80/45 (530),-,I FUCKING LOVE SNOW,^,Cokemmoth Sprites,Cokemmoth Menu,Field/Human-Like,,,,"50% M, 50% F",2.0,120.0,70,Blue,2 HP,60,5140,Medium Slow,162,,https://i.imgur.com/laPtN9i.png,"""coke"" and ""mammoth""",,,
326,Grimdak,Dark,Steel,Moody/Cursed Body,70/115/70/110/70/90 (525),-,#BRINGBACKGRIMDAK,Sugi'd,Grimdak Sprites,Grimdak Menu,Human-Like/Mineral,https://i.imgur.com/UFJ0NBk.png,,,"50% M, 50% F",1.7,90.7,35,Black,"1 Attack, 1 Sp. Attack",85,5140,Medium Fast,174,,-,"Corruption of ""grimdark""",,,
329,Thundacock,Electric,Flying,Adaptability,70/115/80/80/70/115 (530),-,Chad Thundercock (Thunderbird),https://i.imgur.com/MZCcAQZ.jpg,Thundacock Sprites,Thundacock Menu,Flying/Human-Like,,,Sharp Beak (5%),100% M,1.9,97.5,35,Yellow,"1 Attack, 1 Speed",70,5140,Medium Fast,180,,https://i.imgur.com/9MHKCze.png,"Corruption of ""Chad Thundercock""",,,
331,Avianjoin,Steel,Flying,Heatproof,100/135/70/80/70/75 (530),-,>her  DG is assumed to have a vagoo >>>>her   >HE,https://i.imgur.com/GxmCCO7.png,Avianjoin Sprites,Avianjoin Menu,Flying/Mineral,^,,,"50% M, 50% F",9.1,911.0,35,Grey,"1 HP, 1 Attack",70,5140,Medium Fast,180,,-,"""avian"" and ""conjoin""",,,
333,Illumatrix,Psychic,Flying,Illuminate/Forewarn,90/43/90/133/95/104 (555),-,capped BST burd ayy lmao illuminati▲ ▲confirmed,Sugi'd,Illumatrix Sprites,Illumatrix Menu,Flying/Amorphous,https://i.imgur.com/Z7GVOFf.jpg,,,"50% M, 50% F",2.8,28.0,35,Brown,"1 Sp. Atk, 1 Sp. Def",25,7905,Medium Slow,222,,https://i.imgur.com/5yDVOl4.png,"""illuminati"" and ""matrix""",,,
335,Yeerex,Rock,Dark,Sheer Force/Intimidate,81/130/90/60/70/90 (521),-,Yee,^,Yee,Yeerex Menu,Monster/Dragon,,,,"50% M, 50% F",1.5,190.0,70,Green,2 Attack,45,7905,Medium Fast,182,,https://i.imgur.com/PDHwM0L.png,"""yee"" and ""T-Rex""",,,
337,Cthullord,Rock,Water,Regenerator/Shell Armor,110/101/90/95/70/55 (521),-,"Oak's voice echoes: ""Now is not the time to use that!""",^,Cthullord Sprites,Cthullord Menu,Water 1/Water 3,,,,"75% M, 25% F",2.1,226.8,0,Blue,2 Defense,45,7905,Medium Fast,192,,https://i.imgur.com/yFkH2DK.png,"""Cthulhu"" and ""lord""",,,
339,Gynuke,Water,Fire,Aftermath,79/94/65/94/65/124 (521),-,Nuclear Pussy WMD,https://i.imgur.com/WpVHveL.png,Gynuke Sprites,Gynuke Menu,Water 1,,,Soda Pop (50%),"50% M, 50% F",2.3,84.3,70,Pink,2 Speed,45,5120,Fast,190,,-,"""gynaecology"" and ""nuke""",,,
340,Rainglock,Water,,Rain Dish,70/70/70/140/70/70 (490),-,"The one TRUE Clover Jesus, for real this time",https://i.imgur.com/wZJ57uw.png,Rainglock Sprites,Rainglock Menu,Amorphous,,,,Genderless,0.5,0.7,35,Blue,2 Sp. Atk,60,7905,Medium Slow,171,,-,"""rain"" and ""glock""",,,
342,Substarr,Water,Electric,Liquid Voice/Storm Drain,120/60/90/65/70/80 (485),-,PAUL IS DED,^,Substarr Sprites,Substarr Menu,Water 2,,,,"50% M, 50% F",1.7,81.5,70,Yellow,2 HP,60,5140,Medium Fast,170,,-,"""submarine"" and ""Ringo Starr""",,,
343,Hofucno,Water,Flying,Shadow Tag,50/40/95/90/110/115 (500),-,"HOENN CONFIRMED (Motherfuck of water) - Lore  time! Around the same time Motherfuck were created, Hoenn was confirmed. The dragon of balance celebrated Hofucno by slaughtering a bunch of Wingull, Tentacool, Horsea and stole a lot of trumpets. Balance dragon combined the Pokemon with the trumpets by using Kyogre's saliva. This led to Hofucno's creation. All of the Hofucno terrorized Inavia until some Motherfuck flew into the region and had one big orgy. Feeling satisfied, the Hofucno infested the sea and would rest until the next time they feel like terrorizing the region.",https://i.imgur.com/UyBhSCZ.png,HOENN CONFIRMED!!!,Hofucno Menu,Water 2/Flying,https://i.imgur.com/pcG1y31.png,,Focus Sash (100%),"50% M, 50% F",0.4,1.8,0,Yellow,,15,30855,Fluctuating,5,,-,"""Hoenn"" and ""fuck no""",,,
346,Hornititan,Ice,Ground,Refrigerate/Filter,90/115/130/45/100/55 (535),-,>captcha: horni,https://i.imgur.com/6GtaMPc.png,Captcha: Horni,Hornititan Menu,Mineral/Human-Like,,,,"25% M, 75% F",2.4,250.5,70,White,"1 Attack, 2 Defense",30,5355,Medium Fast,209,,-,"""horni"" and ""titan""",,,
348,Undastand,Electric,,Static/Cursed Body,95/100/90/110/79/74 (548),-,RIP IWATA ;-;7,^,Please Understand,Undastand Menu,Monster/Field,,,,"50% M, 50% F",1.7,80.0,35,Yellow,"1 Attack, 1 Sp. Atk",60,10280,Fluctuating,176,,https://i.imgur.com/TrEzOVE.png,"Corruption of ""understand""",,,
350,Banageddon,Normal,,Admin Abuse/Intimidate,90/150/80/70/80/60 (530),-,(USER WAS BANNED FOR THIS POST),Sugi'd,(USER WAS BANNED FOR THESE SPRITES),Banageddon Menu,Monster,^,https://i.imgur.com/c2bpsl0.png,,"50% M, 50% F",2.0,300.0,35,Gray,2 Attack,60,5120,Medium Slow,200,,https://i.imgur.com/uJo4cjt.png,"""ban"" and ""armageddon""",,,
351,Acufront,Normal,,Forecast,100/50/85/110/95/70 (510),-,Castform replacement,https://i.imgur.com/ytuo2CO.png,Acufront Sprites,Acufront Menu (Regular Forme),Amorphous/Fairy,https://i.imgur.com/tcxE8iR.png,,,"50% M, 50% F",0.6,1.6,70,White,1 Sp. Atk,45,6425,Medium Fast,145,,https://i.imgur.com/leWZbXE.png,"""accurate"" and ""front""",,,
353,Shiggydig,Normal,Ground,Damp/Limber,95/95/130/50/85/60 (515),-,ISHYGDDT,https://i.imgur.com/sfABldk.png,Shiggydig Sprites,>Having Menu Sprites,Field,,,,"50% M, 50% F",1.0,50.0,70,Yellow,2 Defense,45,5120,Medium Fast,140,,https://i.imgur.com/Qhwcqak.png,"Literally ""shiggydig""",,,
355,Reagain,Ground,Dark,Dry Skin/Sand Rush,100/70/110/80/90/45 (495),-,"Beware of mimics, LIKE ME",https://i.imgur.com/WKrkbct.png,Trainer Tips: Reagain Sprites,Reagain Menu,Bug/Field,,,,"50% M, 50% F",3.5,65.0,35,Pink,2 Defense,60,6425,Medium Slow,175,,-,"""read"" and ""again""",,,
357,Viristal,Rock,Electric,Jewelry/Lightning Rod,100/50/75/136/100/40 (501),-,^,https://i.imgur.com/BL2d1gF.jpg,Viristal Sprites,Viristal Menu,Mineral/Amorphous,,,,Genderless,1.6,102.0,70,Blue,2 Sp. Atk,45,7905,Erratic,162,,https://i.imgur.com/CJOmVQM.png,"""virus"" and ""crystal""",,,
359,Dreameme,Dragon,Fairy,Trace,102/85/90/90/100/32 (499) ,-,"""le meme dream is real, he is strong, and he is my friend."" -Barack Obama, President of the United States, on le meme dream ",Sugi'd,Dreamcast Sprites,Dreameme Menu,Field/Fairy,https://i.imgur.com/3RCUnpI.png,,,"50% M, 50% F",1.2,65.5,70,Green,"1 HP, 1 Sp. Def",45,5120,Medium Fast,189,,https://i.imgur.com/hRDBj2s.png,"Corruption of ""le meme dream""",,,
360,Pearchie,Grass,Normal,Moody/Reckless,111/91/79/66/81/102 (530),-,lolwut pear + bunchie = this majestic abomination,Sugi'd,Lolwut (Pearchie sprites),Pearchie Menu,Grass/Field,https://i.imgur.com/jJ0Fb2Z.png,,,"50% M, 50% F",2.1,145.0,70,Green,2 HP,55,6425,Medium Slow,152,,https://i.imgur.com/sw0ToFi.png,"""pear"" and ""bunchie""",,,
361,Tarditank,Bug,Water,Sturdy,110/10/200/5/200/5 (530),-,Our water bear with beautiful endurance,https://i.imgur.com/ElOV8ik.png,Tarditank Sprites,Tarditank Menu,Bug/Water 1,,,,"50% M, 50% F",0.2,0.2,70,Green,"1 Defense, 1 Sp. Def",60,4080,Medium Slow,80,,https://i.imgur.com/AgiQeK0.png,"""tardigrade"" and ""tank""",,,
363,Chromox,Fire,Steel,Speed Boost,85/80/60/95/60/145 (525),-,Firefox and Chrome,https://i.imgur.com/kHvIHKm.png,Chromox is up and running,Chromox Menu,Mineral,,,,Genderless,1.6,102.0,70,Red,2 Speed,45,6425,Slow,180,,https://i.imgur.com/CArFwTC.png,"""Chrome"" and ""Firefox""",,,
366,Frutagon,Grass,Dragon,Tough Claws/Rough Skin,80/120/80/100/80/90 (550),-,Saved by the good ol spriter touch,Sugi'd,Frutagon Sprites,Frutagon Menu,Monster/Dragon,^,,Leppa Berry (50%),"50% M, 50% F",2.0,118.0,35,Pink,3 Attack,45,10280,Slow,208,,https://i.imgur.com/Bd6hgiQ.png,"""fruit"" and ""dragon""",,,
367,Biteki,Ice,Psychic,Cacophony/Filter,70/30/50/125/125/95 (495),-,*~~~~~~~~~~~ 蒸気波ビテキ ~~~~~~~~~~~*,https://i.imgur.com/OpnRzsq.png,Biteki Sprites,Biteki Menu,Mineral/Amorphous,,,Fresh Water (50%),Genderless,1.3,25.2,70,Pink,"1 Sp. Atk, 1 Sp. Def",15,5120,Medium Fast,145,,-,"Literally ""biteki""",,,
368,Sesquatch,Normal,Ghost,Suddenly,95/90/105/55/95/70 (510),-,"Suddenly, ses",Sugi'd,ses,ses,Human-Like,https://i.imgur.com/EJ2LNR5.png,,,"50% M, 50% F",2.4,80.0,35,White,2 Defense,15,6425,Medium Slow,155,,https://i.imgur.com/r2VAkEl.png,"""ses"" and ""Sasquatch""",,,
371,Fireshitre,Fire,Poison,Flame Body/Levitate,80/50/95/120/105/100 (550),-,^,^,Three Fire Shit Sprites,Fireshitre Menu,Amorphous/Field,^,,,"50% M, 50% F",0.9,0.3,70,Yellow,3 Sp. Atk,45,5120,Slow,183,,-,"""fireshit"" and ""tre""",,,
374,Slugfugg,Water ,Poison,Hydration/Sap Sipper,105/100/135/75/95/40 (550),-,"Goodra fag pokemon (starts cute, ends disgusting)",^,Fe.male o.nly Sprites,Slugfugg Menu,Dragon,,,,100% Male,2.0,150.5,0,Green,3 Defense,45,10280,Slow,208,,-,"""slug"" and ""fug""",,,
376,Spookscare,Ground,Ghost,Pressure,105/35/120/90/130/50 (530),Max Happiness,"Floating skulls are on its forearms when not in use, cannot be encountered in the wild.",https://i.imgur.com/K2wew0f.png,Spookscare Sprites,Spookscare Menu,Mineral/Amorphous,,,Rare Bone (5%),"50% M, 50% F",1.4,15.3,35,White,2 Sp. Def,45,10280,Medium Slow,217,,-,"""spook"" and ""scare""",,,
377,Goryannus,Ground,Ghost,Sheer Force,90/130/85/35/85/105 (530),Moon Stone,>gory anus,https://i.imgur.com/lcGq25B.png,Goryannus Sprites,Gorryannus Menu,Mineral/Amorphous,,,Rare Bone (5%),"50% M, 50% F",1.8,30.0,35,White,"1 Attack, 1 Speed",45,10280,Medium Slow,217,,https://i.imgur.com/2a3TEDi.png,>gory anus,,,
380,Funnedong,Normal,Fighting,Long Reach/Own Tempo,100/130/90/70/90/120 (600),-,NO (The Ungracious Psuedo legend line),Sugi'd,Funnedong Sprites,Funnedong Menu,Field/Human-Like,https://i.imgur.com/IV67UHE.png,,Nanab Berry (100%),100% Male,1.7,90.5,70,Brown,3 Attack,45,10280,Slow,218,,https://i.imgur.com/j6Hc7HI.png,"""funny"" and ""dong""",,,
385,Admoot,Fairy,,Admin Abuse,100/100/100/100/100/100 (600),-,Pixie Legendary,https://i.imgur.com/aborRMD.png,Cuck Sprites,Cuck Menu,Undiscovered,,,,100% Male,1.1,6.0,70,White,"2 HP, 1 Sp. Def",3,30840,Medium Slow,255,,https://i.imgur.com/X0xW1Ay.png,"""admin"" and ""moot""",,,
386,Tentaquil,Bug,Psychic,Immunity,100/100/100/100/100/100 (600),-,it's a tentaquil,Motherfucking Tentaquil,Tentaquil Sprites,Tentaquil Menu,Undiscovered,,,,Genderless,0.7,51.9,100,Blue,3 Speed,45,30855,Medium Slow,255,,https://i.imgur.com/T59XBR5.png,it's a tentaquil,,,
